{"cameraMode":{"drawMode":0,"name":"Shaded","section":"Shading Mode"},"sceneLighting":true,"audioPlay":false,"sceneViewState":{"showFog":false,"showMaterialUpdate":false,"showSkybox":false,"showFlares":false,"showImageEffects":false,"showParticleSystems":false},"in2DMode":false,"pivot":{"x":18.652740478515626,"y":-119.31334686279297,"z":41.54345703125},"rotation":{"x":0.039567653089761737,"y":-0.8803059458732605,"z":0.07432069629430771,"w":0.4673735797405243},"size":62.301883697509769,"orthographic":false}