{"cameraMode":{"drawMode":1,"name":"Wireframe","section":"Shading Mode"},"sceneLighting":true,"audioPlay":false,"sceneViewState":{"showFog":false,"showMaterialUpdate":false,"showSkybox":false,"showFlares":false,"showImageEffects":false,"showParticleSystems":false},"in2DMode":false,"pivot":{"x":-160.40603637695313,"y":-567.768310546875,"z":276.4038391113281},"rotation":{"x":-0.0953289344906807,"y":-0.785614550113678,"z":0.5987632870674133,"w":-0.12467248737812042},"size":1014.275146484375,"orthographic":false}