{"cameraMode":{"drawMode":0,"name":"Shaded","section":"Shading Mode"},"sceneLighting":true,"audioPlay":false,"sceneViewState":{"showFog":false,"showMaterialUpdate":false,"showSkybox":false,"showFlares":false,"showImageEffects":false,"showParticleSystems":false},"in2DMode":false,"pivot":{"x":-537.5883178710938,"y":-79.19287109375,"z":198.1997833251953},"rotation":{"x":-0.566326916217804,"y":-0.42128124833106997,"z":0.4157175123691559,"w":-0.5738615393638611},"size":81.87432098388672,"orthographic":false}