{"cameraMode":{"drawMode":0,"name":"Shaded","section":"Shading Mode"},"sceneLighting":true,"audioPlay":false,"sceneViewState":{"showFog":false,"showMaterialUpdate":false,"showSkybox":false,"showFlares":false,"showImageEffects":false,"showParticleSystems":false},"in2DMode":false,"pivot":{"x":6906.27685546875,"y":1844.6845703125,"z":-3667.23046875},"rotation":{"x":-0.301550954580307,"y":0.008379691280424595,"z":-0.002651778282597661,"w":-0.9535907506942749},"size":8053.064453125,"orthographic":false}