{"cameraMode":{"drawMode":1,"name":"Wireframe","section":"Shading Mode"},"sceneLighting":true,"audioPlay":false,"sceneViewState":{"showFog":false,"showMaterialUpdate":false,"showSkybox":false,"showFlares":false,"showImageEffects":false,"showParticleSystems":false},"in2DMode":false,"pivot":{"x":181.4083251953125,"y":-481.2747802734375,"z":56.3214111328125},"rotation":{"x":-0.0953289344906807,"y":-0.785614550113678,"z":0.5987632870674133,"w":-0.12467248737812042},"size":690.2646484375,"orthographic":false}