{"cameraMode":{"drawMode":0,"name":"Shaded","section":"Shading Mode"},"sceneLighting":true,"audioPlay":false,"sceneViewState":{"showFog":false,"showMaterialUpdate":false,"showSkybox":false,"showFlares":false,"showImageEffects":false,"showParticleSystems":false},"in2DMode":false,"pivot":{"x":492.3232727050781,"y":-170.244140625,"z":627.1217651367188},"rotation":{"x":-0.05843229219317436,"y":-0.751783549785614,"z":0.653762936592102,"w":-0.06711149960756302},"size":3378.589599609375,"orthographic":false}