{"cameraMode":{"drawMode":0,"name":"Shaded","section":"Shading Mode"},"sceneLighting":true,"audioPlay":false,"sceneViewState":{"showFog":false,"showMaterialUpdate":false,"showSkybox":false,"showFlares":false,"showImageEffects":false,"showParticleSystems":false},"in2DMode":false,"pivot":{"x":-279.81298828125,"y":-1644.3095703125,"z":-1250.818359375},"rotation":{"x":-0.4095083475112915,"y":0.12629808485507966,"z":-0.05775684490799904,"w":-0.9018838405609131},"size":2338.39990234375,"orthographic":false}