{"cameraMode":{"drawMode":0,"name":"Shaded","section":"Shading Mode"},"sceneLighting":true,"audioPlay":false,"sceneViewState":{"showFog":false,"showMaterialUpdate":false,"showSkybox":false,"showFlares":false,"showImageEffects":false,"showParticleSystems":false},"in2DMode":false,"pivot":{"x":-3939.7216796875,"y":-317.60302734375,"z":3164.230712890625},"rotation":{"x":-0.35839080810546877,"y":-0.21133245527744294,"z":0.08361899107694626,"w":-0.9057578444480896},"size":5894.4482421875,"orthographic":false}