{"cameraMode":{"drawMode":0,"name":"Shaded","section":"Shading Mode"},"sceneLighting":true,"audioPlay":false,"sceneViewState":{"showFog":false,"showMaterialUpdate":false,"showSkybox":false,"showFlares":false,"showImageEffects":false,"showParticleSystems":false},"in2DMode":false,"pivot":{"x":4985.27392578125,"y":1153.09765625,"z":-4748.44677734375},"rotation":{"x":-0.5141319632530212,"y":-0.44663286209106448,"z":0.3598586916923523,"w":-0.6379890441894531},"size":13030.22265625,"orthographic":false}