{"cameraMode":{"drawMode":0,"name":"Shaded","section":"Shading Mode"},"sceneLighting":true,"audioPlay":false,"sceneViewState":{"showFog":false,"showMaterialUpdate":false,"showSkybox":false,"showFlares":false,"showImageEffects":false,"showParticleSystems":false},"in2DMode":false,"pivot":{"x":644.03173828125,"y":364.0289306640625,"z":121.12774658203125},"rotation":{"x":-0.010771181434392929,"y":0.03578437864780426,"z":-0.00038412411231547594,"w":-0.9994744658470154},"size":443.2908630371094,"orthographic":false}