{"cameraMode":{"drawMode":1,"name":"Wireframe","section":"Shading Mode"},"sceneLighting":true,"audioPlay":false,"sceneViewState":{"showFog":false,"showMaterialUpdate":false,"showSkybox":false,"showFlares":false,"showImageEffects":false,"showParticleSystems":false},"in2DMode":false,"pivot":{"x":815.3058471679688,"y":27.024658203125,"z":-98.07345581054688},"rotation":{"x":-0.7286534905433655,"y":-0.010660193860530854,"z":0.010847408324480057,"w":-0.684982180595398},"size":4510.64404296875,"orthographic":false}