{"cameraMode":{"drawMode":0,"name":"Shaded","section":"Shading Mode"},"sceneLighting":true,"audioPlay":false,"sceneViewState":{"showFog":false,"showMaterialUpdate":false,"showSkybox":false,"showFlares":false,"showImageEffects":false,"showParticleSystems":false},"in2DMode":false,"pivot":{"x":-28049.294921875,"y":-11316.576171875,"z":-28695.705078125},"rotation":{"x":-0.4095083475112915,"y":0.12629808485507966,"z":-0.05775684490799904,"w":-0.9018838405609131},"size":21310.40234375,"orthographic":false}